"Symbol","Description","Category2","Category3","GICS Sector","Market cap","Dividend yield","Price to TTM earnings","Price to TTM sales","Price to book value","Action"
"AAPL","Apple Inc","Common stocks","Large cap","Information Technology","$2,279,781,223,480","0.63%","20.94","0.00","31.66","Analyze"
"MSFT","Microsoft Corp","Common stocks","Large cap","Information Technology","$1,846,063,276,184","1.02%","24.87","0.00","11.06","Analyze"
"GOOG","Alphabet Inc Class C","Common stocks","Large cap","Communication Services","$1,185,974,720,000","0.00%","7.58","0.00","2.22","Analyze"
"GOOGL","Alphabet Inc Class A","Common stocks","Large cap","Communication Services","$1,185,974,720,000","0.00%","7.38","0.00","2.17","Analyze"
"AMZN","Amazon.Com Inc.","Common stocks","Large cap","Consumer Discretionary","$1,012,208,127,343","0.00%","46.75","0.00","7.47","Analyze"
"BRK.B","Berkshire Hathaway Inc. Class B","Common stocks","Large cap","Financials","$685,335,453,962","0.00%","4.85","0.00","0.78","Analyze"
"TSLA","Tesla Inc","Common stocks","Large cap","Consumer Discretionary","$502,201,244,112","0.00%","59.79","0.00","14.73","Analyze"
"NVDA","Nvidia Corp","Common stocks","Large cap","Information Technology","$493,069,800,000","0.08%","49.18","0.00","18.03","Analyze"
"XOM","Exxon Mobil Corp","Common stocks","Large cap","Energy","$484,970,233,257","2.97%","18.80","0.00","2.87","Analyze"
"UNH","Unitedhealth Group Inc","Common stocks","Large cap","Health Care","$460,148,231,471","1.29%","26.37","0.00","6.32","Analyze"
"JNJ","Johnson & Johnson","Common stocks","Large cap","Health Care","$441,560,136,386","2.61%","22.27","0.00","5.91","Analyze"
"V","Visa Inc Class A","Common stocks","Large cap","Information Technology","$424,795,058,699","0.70%","31.00","0.00","11.80","Analyze"
"JPM","JP Morgan Chase & Co","Common stocks","Large cap","Financials","$410,590,020,222","2.83%","10.14","0.00","1.44","Analyze"
"META","Meta Platforms, Inc.","Common stocks","Large cap","Communication Services","$396,237,000,000","0.00%","0.00","0.00","0.00","Analyze"
"WMT","Walmart Stores Inc","Common stocks","Large cap","Consumer Staples","$383,511,935,679","1.57%","29.51","0.00","4.99","Analyze"
"CVX","Chevron Corp","Common stocks","Large cap","Energy","$363,117,982,553","2.99%","17.71","0.00","2.48","Analyze"
"MA","Mastercard Inc Class A","Common stocks","Large cap","Information Technology","$359,812,659,187","0.54%","37.91","0.00","51.15","Analyze"
"PG","Procter & Gamble","Common stocks","Large cap","Consumer Staples","$332,993,189,150","2.56%","22.81","0.00","7.32","Analyze"
"LLY","Eli Lilly","Common stocks","Large cap","Health Care","$330,671,410,979","1.12%","53.95","0.00","35.44","Analyze"
"HD","Home Depot Inc","Common stocks","Large cap","Consumer Discretionary","$321,255,595,078","2.40%","19.45","0.00","-187.98","Analyze"
"BAC","Bank of America Corp","Common stocks","Large cap","Financials","$283,512,755,326","2.41%","9.58","0.00","1.06","Analyze"
"MRK","Merck & Co Inc","Common stocks","Large cap","Health Care","$270,957,767,741","2.59%","19.11","0.00","6.63","Analyze"
"KO","Coca-Cola","Common stocks","Large cap","Consumer Staples","$262,973,651,584","2.86%","25.51","0.00","10.58","Analyze"
"ABBV","Abbvie Inc","Common stocks","Large cap","Health Care","$260,674,026,879","3.82%","20.89","0.00","16.01","Analyze"
"AVGO","Broadcom Inc.","Common stocks","Large cap","Information Technology","$250,138,285,681","2.80%","32.13","0.00","10.52","Analyze"
"PFE","Pfizer Inc","Common stocks","Large cap","Health Care","$248,389,168,262","3.59%","9.95","0.00","3.01","Analyze"
"ORCL","Oracle Corp","Common stocks","Large cap","Information Technology","$242,204,406,990","1.42%","32.03","0.00","-27.85","Analyze"
"PEP","Pepsico Inc","Common stocks","Large cap","Consumer Staples","$234,513,661,556","2.63%","23.13","0.00","12.92","Analyze"
"TMO","Thermo Fisher Scientific Inc","Common stocks","Large cap","Health Care","$226,441,948,745","0.21%","29.78","0.00","5.53","Analyze"
"COST","Costco Wholesale Corp","Common stocks","Large cap","Consumer Staples","$221,110,178,639","0.70%","39.06","0.00","11.09","Analyze"
"MCD","Mcdonalds Corp","Common stocks","Large cap","Consumer Discretionary","$201,211,491,610","2.04%","28.29","0.00","-33.59","Analyze"
"DIS","Walt Disney","Common stocks","Large cap","Communication Services","$200,398,297,716","0.00%","75.59","0.00","2.21","Analyze"
"NKE","Nike Inc Class B","Common stocks","Large cap","Consumer Discretionary","$198,946,800,000","0.98%","32.53","0.00","13.43","Analyze"
"CSCO","Cisco Systems Inc","Common stocks","Large cap","Information Technology","$198,621,527,033","3.11%","16.73","0.00","4.97","Analyze"
"ABT","Abbott Laboratories","Common stocks","Large cap","Health Care","$193,658,739,411","1.72%","25.07","0.00","5.47","Analyze"
"DHR","Danaher Corp","Common stocks","Large cap","Health Care","$193,536,163,954","0.38%","30.76","0.00","4.18","Analyze"
"TMUS","T Mobile US Inc","Common stocks","Large cap","Communication Services","$184,993,278,184","0.00%","65.70","0.00","2.63","Analyze"
"ACN","Accenture Plc Class A","Common stocks","Large cap","Information Technology","$180,569,633,575","1.52%","28.25","0.00","8.78","Analyze"
"WFC","Wells Fargo","Common stocks","Large cap","Financials","$175,739,840,216","2.36%","9.05","0.00","0.97","Analyze"
"CMCSA","Comcast A Corp","Common stocks","Large cap","Communication Services","$174,327,298,131","2.66%","11.68","0.00","1.77","Analyze"
"VZ","Verizon Communications Inc","Common stocks","Large cap","Communication Services","$169,126,648,591","6.27%","7.90","0.00","2.02","Analyze"
"ADBE","Adobe Inc","Common stocks","Large cap","Information Technology","$167,472,396,000","0.00%","32.66","0.00","11.45","Analyze"
"CRM","Salesforce.Com Inc","Common stocks","Large cap","Information Technology","$165,090,000,000","0.00%","114.33","0.00","2.84","Analyze"
"MS","Morgan Stanley","Common stocks","Large cap","Financials","$163,095,558,934","3.02%","11.55","0.00","1.59","Analyze"
"LIN","Linde Plc","Common stocks","Large cap","Materials","$162,303,689,108","1.41%","40.37","0.00","3.78","Analyze"
"PM","Philip Morris International Inc","Common stocks","Large cap","Consumer Staples","$161,717,104,458","4.74%","17.96","0.00","-16.01","Analyze"
"NFLX","Netflix Inc","Common stocks","Large cap","Communication Services","$161,197,744,569","0.00%","32.10","0.00","9.16","Analyze"
"TXN","Texas Instrument Inc","Common stocks","Large cap","Information Technology","$158,008,235,059","2.67%","19.25","0.00","11.27","Analyze"
"UPS","United Parcel Service Inc Class B","Common stocks","Large cap","Industrials","$155,425,792,993","3.31%","14.44","0.00","10.08","Analyze"
"COP","ConocoPhillips","Common stocks","Large cap","Energy","$155,322,758,377","3.93%","12.08","0.00","3.16","Analyze"
"BMY","Bristol Myers Squibb","Common stocks","Large cap","Health Care","$155,188,443,728","2.97%","24.83","0.00","4.91","Analyze"
"NEE","Nextera Energy Inc","Common stocks","Large cap","Utilities","$151,819,303,013","2.21%","104.27","0.00","4.23","Analyze"
"QCOM","Qualcomm Inc","Common stocks","Large cap","Information Technology","$149,659,062,423","2.17%","13.09","0.00","10.96","Analyze"
"RTX","Raytheon Technologies Corporation","Common stocks","Large cap","Industrials","$147,373,592,694","2.14%","35.13","0.00","2.03","Analyze"
"T","AT&T Inc.","Common stocks","Large cap","Communication Services","$142,600,000,000","6.81%","8.32","0.00","0.76","Analyze"
"SCHW","Charles Schwab Corporation","Common stocks","Large cap","Financials","$141,726,755,090","1.07%","27.00","0.00","2.95","Analyze"
"HON","Honeywell International Inc","Common stocks","Large cap","Industrials","$140,750,659,269","1.87%","26.50","0.00","7.58","Analyze"
"CAT","Caterpillar Inc","Common stocks","Large cap","Industrials","$136,409,700,133","1.78%","21.00","0.00","7.99","Analyze"
"AMGN","Amgen Inc","Common stocks","Large cap","Health Care","$135,998,668,025","3.01%","25.33","0.00","158.29","Analyze"
"BA","Boeing","Common stocks","Large cap","Industrials","$126,321,449,981","0.00%","-25.86","0.00","-8.20","Analyze"
"LOW","Lowes Companies Inc","Common stocks","Large cap","Consumer Discretionary","$125,263,581,426","1.94%","14.87","0.00","-18.21","Analyze"
"DE","Deere & Company","Common stocks","Large cap","Industrials","$125,162,551,145","1.07%","22.18","0.00","6.62","Analyze"
"SBUX","Starbucks Corp","Common stocks","Large cap","Consumer Discretionary","$124,834,728,000","1.81%","27.77","0.00","-13.96","Analyze"
"INTC","Intel Corporation Corp","Common stocks","Large cap","Information Technology","$124,181,430,000","4.77%","5.02","0.00","1.20","Analyze"
"UNP","Union Pacific Corp","Common stocks","Large cap","Industrials","$123,870,065,184","2.50%","18.18","0.00","10.41","Analyze"
"SPGI","S&P Global Inc","Common stocks","Large cap","Financials","$122,337,540,000","0.90%","34.91","0.00","3.08","Analyze"
"IBM","International Business Machines Co","Common stocks","Large cap","Information Technology","$121,559,789,505","4.81%","22.02","0.00","6.38","Analyze"
"AMD","Advanced Micro Devices Inc","Common stocks","Large cap","Information Technology","$121,184,689,136","0.00%","33.74","0.00","2.07","Analyze"
"ELV","Elevance Health, Inc.","Common stocks","Large cap","Health Care","$120,525,948,520","1.02%","0.00","0.00","0.00","Analyze"
"LMT","Lockheed Martin Corp","Common stocks","Large cap","Industrials","$120,504,228,927","2.46%","19.40","0.00","12.05","Analyze"
"GS","Goldman Sachs Group Inc","Common stocks","Large cap","Financials","$118,885,098,443","2.52%","6.51","0.00","1.03","Analyze"
"PLD","Prologis, Inc","REITs","Large cap","Real Estate","$118,209,442,571","2.44%","31.80","0.00","3.46","Analyze"
"AXP","American Express","Common stocks","Large cap","Financials","$116,478,632,652","1.33%","14.91","0.00","5.20","Analyze"
"INTU","Intuit Inc","Common stocks","Large cap","Information Technology","$115,895,753,143","0.71%","51.94","0.00","7.23","Analyze"
"CVS","CVS Health Corp","Common stocks","Large cap","Health Care","$115,182,339,506","2.55%","14.40","0.00","1.56","Analyze"
"BLK","Blackrock Inc","Common stocks","Large cap","Financials","$113,983,423,385","2.55%","18.57","0.00","3.04","Analyze"
"MDT","Medtronic Plc","Common stocks","Large cap","Health Care","$108,861,929,400","3.22%","22.15","0.00","2.07","Analyze"
"GILD","Gilead Sciences Inc","Common stocks","Large cap","Health Care","$104,879,870,319","3.44%","23.97","0.00","5.43","Analyze"
"AMT","American Tower Corporation","REITs","Large cap","Real Estate","$102,912,806,431","2.64%","39.07","0.00","19.19","Analyze"
"C","Citigroup Inc","Common stocks","Large cap","Financials","$101,084,350,972","3.85%","5.88","0.00","0.51","Analyze"
"EL","Estee Lauder Inc Class A","Common stocks","Large cap","Consumer Staples","$97,512,218,000","0.90%","29.06","0.00","15.86","Analyze"
"AMAT","Applied Material Inc","Common stocks","Large cap","Information Technology","$97,442,979,859","0.88%","13.72","0.00","8.01","Analyze"
"CB","Chubb Ltd","Common stocks","Large cap","Financials","$95,922,268,824","1.42%","11.68","0.00","1.69","Analyze"
"CI","Cigna Corp","Common stocks","Large cap","Health Care","$95,757,456,053","1.43%","17.78","0.00","2.08","Analyze"
"SYK","Stryker Corp","Common stocks","Large cap","Health Care","$95,519,498,379","1.12%","47.40","0.00","6.35","Analyze"
"TJX","TJX Companies, Inc.","Common stocks","Large cap","Consumer Discretionary","$95,282,872,127","1.38%","30.89","0.00","15.87","Analyze"
"BKNG","Booking Holdings Inc","Common stocks","Large cap","Consumer Discretionary","$94,302,820,636","0.00%","171.67","0.00","20.41","Analyze"
"NOW","Servicenow Inc","Common stocks","Large cap","Information Technology","$93,540,140,000","0.00%","418.81","0.00","23.40","Analyze"
"ADP","Automatic Data Processing Inc","Common stocks","Large cap","Information Technology","$93,514,623,966","1.93%","35.57","0.00","24.27","Analyze"
"PYPL","Paypal Holdings Inc","Common stocks","Large cap","Information Technology","$92,125,641,023","0.00%","25.33","0.00","4.40","Analyze"
"GE","General Electric","Common stocks","Large cap","Industrials","$88,659,092,880","0.31%","-17.81","0.00","2.27","Analyze"
"ISRG","Intuitive Surgical Inc","Common stocks","Large cap","Health Care","$88,540,504,014","0.00%","44.74","0.00","7.53","Analyze"
"MDLZ","Mondelez International Inc","Common stocks","Large cap","Consumer Staples","$88,109,706,136","2.26%","21.11","0.00","3.14","Analyze"
"MMC","Marsh & McLennan Inc","Common stocks","Large cap","Financials","$87,129,029,824","1.31%","26.97","0.00","7.97","Analyze"
"ADI","Analog Devices Inc","Common stocks","Large cap","Information Technology","$86,532,308,282","1.77%","52.15","0.00","2.31","Analyze"
"VRTX","Vertex Pharmaceuticals Inc","Common stocks","Large cap","Health Care","$82,403,089,921","0.00%","33.62","0.00","7.56","Analyze"
"SLB","Schlumberger Nv","Common stocks","Large cap","Energy","$81,618,232,635","1.13%","39.01","0.00","5.32","Analyze"
"EOG","EOG Resources Inc","Common stocks","Large cap","Energy","$79,843,854,191","2.20%","18.24","0.00","3.71","Analyze"
"REGN","Regeneron Pharmaceuticals Inc","Common stocks","Large cap","Health Care","$79,488,296,575","0.00%","9.82","0.00","3.91","Analyze"
"MO","Altria Group Inc","Common stocks","Large cap","Consumer Staples","$79,375,325,251","8.06%","26.40","0.00","-45.10","Analyze"
"PGR","Progressive Corp","Common stocks","Large cap","Financials","$78,931,754,846","0.30%","36.58","0.00","4.63","Analyze"
"ZTS","Zoetis Inc","Common stocks","Large cap","Health Care","$78,411,952,439","0.80%","37.83","0.00","16.83","Analyze"
"DUK","Duke Energy Corp","Common stocks","Large cap","Utilities","$78,038,161,314","3.87%","21.15","0.00","1.58","Analyze"
"TGT","Target Corp","Common stocks","Large cap","Consumer Discretionary","$76,877,667,089","2.34%","13.12","0.00","7.14","Analyze"
"MRNA","Moderna, Inc.","Common stocks","Large cap","Health Care","$74,239,033,830","0.00%","5.16","0.00","4.43","Analyze"
"SO","Southern Co","Common stocks","Large cap","Utilities","$73,507,189,347","3.94%","32.10","0.00","2.25","Analyze"
"USB","US Bancorp","Common stocks","Large cap","Financials","$72,359,603,768","3.80%","10.49","0.00","1.41","Analyze"
"HCA","HCA Healthcare, Inc.","Common stocks","Large cap","Health Care","$72,050,350,995","0.88%","10.59","0.00","-35.44","Analyze"
"BDX","Becton Dickinson","Common stocks","Large cap","Health Care","$70,822,523,042","1.40%","38.70","0.00","2.89","Analyze"
"APD","Air Products And Chemicals Inc","Common stocks","Large cap","Materials","$70,244,985,078","2.03%","31.43","0.00","5.03","Analyze"
"ITW","Illinois Tool Inc","Common stocks","Large cap","Industrials","$70,244,309,286","2.19%","26.16","0.00","19.62","Analyze"
"MU","Micron Technology Inc","Common stocks","Large cap","Information Technology","$68,525,887,466","0.71%","7.41","0.00","1.40","Analyze"
"NOC","Northrop Grumman Corp","Common stocks","Large cap","Industrials","$68,255,423,821","1.52%","11.84","0.00","5.14","Analyze"
"LRCX","Lam Research Corp","Common stocks","Large cap","Information Technology","$67,882,814,494","1.29%","14.64","0.00","11.03","Analyze"
"FISV","Fiserv Inc","Common stocks","Large cap","Information Technology","$67,478,083,356","0.00%","38.33","0.00","2.08","Analyze"
"EQIX","Equinix, Inc.","REITs","Large cap","Real Estate","$67,477,868,077","1.69%","135.98","0.00","6.10","Analyze"
"AON","Aon Plc","Common stocks","Large cap","Financials","$67,194,107,730","0.67%","49.23","0.00","57.09","Analyze"
"BSX","Boston Scientific Corp","Common stocks","Large cap","Health Care","$66,387,627,921","0.00%","88.16","0.00","3.97","Analyze"
"PNC","PNC Financial Services Group, Inc.","Common stocks","Large cap","Financials","$65,309,451,014","3.65%","12.99","0.00","1.33","Analyze"
"FCX","Freeport-McMoRan, Inc.","Common stocks","Large cap","Materials","$64,962,920,831","0.99%","12.70","0.00","4.37","Analyze"
"TFC","Truist Financial Corporation","Common stocks","Large cap","Financials","$64,825,800,832","4.03%","10.76","0.00","1.00","Analyze"
"CCI","Crown Castle International Corp.","REITs","Large cap","Real Estate","$64,147,400,388","3.98%","43.97","0.00","7.98","Analyze"
"ETN","Eaton Corporation, PLC","Common stocks","Large cap","Industrials","$63,989,930,000","2.00%","28.85","0.00","3.85","Analyze"
"CHTR","Charter Communications Inc Class A","Common stocks","Large cap","Communication Services","$63,886,347,400","0.00%","11.98","0.00","5.01","Analyze"
"CME","CME Group Inc Class A","Common stocks","Large cap","Financials","$63,588,584,538","4.73%","22.96","0.00","2.28","Analyze"
"MPC","Marathon Petroleum Corp","Common stocks","Large cap","Energy","$63,433,243,747","1.82%","5.86","0.00","2.65","Analyze"
"CSX","CSX Corp","Common stocks","Large cap","Industrials","$63,387,623,179","1.32%","17.33","0.00","5.17","Analyze"
"HUM","Humana Inc","Common stocks","Large cap","Health Care","$63,219,134,796","0.63%","20.83","0.00","4.13","Analyze"
"CL","Colgate-Palmolive","Common stocks","Large cap","Consumer Staples","$63,083,729,281","2.47%","30.86","0.00","196.52","Analyze"
"MMM","3M","Common stocks","Large cap","Industrials","$62,763,957,998","5.16%","11.22","0.00","4.20","Analyze"
"GD","General Dynamics Corp","Common stocks","Large cap","Industrials","$62,627,363,494","2.19%","19.10","0.00","3.48","Analyze"
"WM","Waste Management Inc","Common stocks","Large cap","Industrials","$62,597,757,140","1.70%","32.81","0.00","8.76","Analyze"
"OXY","Occidental Petroleum Corp","Common stocks","Large cap","Energy","$60,979,050,256","0.77%","9.32","0.00","2.45","Analyze"
"KLAC","KLA-Tencor Corporation","Common stocks","Large cap","Information Technology","$60,763,149,885","1.09%","19.04","0.00","14.70","Analyze"
"ICE","Intercontinental Exchange Inc","Common stocks","Large cap","Financials","$60,429,700,309","1.40%","14.85","0.00","2.67","Analyze"
"ATVI","Activision Blizzard Inc","Common stocks","Large cap","Communication Services","$59,166,474,116","0.62%","24.25","0.00","3.36","Analyze"
"SHW","Sherwin Williams","Common stocks","Large cap","Materials","$58,322,817,205","1.06%","31.95","0.00","26.10","Analyze"
"MCO","Moodys Corp","Common stocks","Large cap","Financials","$58,296,072,000","0.88%","29.50","0.00","24.35","Analyze"
"VLO","Valero Energy Corp","Common stocks","Large cap","Energy","$57,813,070,769","2.58%","22.79","0.00","3.07","Analyze"
"PXD","Pioneer Natural Resource","Common stocks","Large cap","Energy","$57,344,279,445","10.51%","13.67","0.00","2.42","Analyze"
"MET","Metlife Inc","Common stocks","Large cap","Financials","$56,664,260,125","2.71%","8.50","0.00","1.05","Analyze"
"NSC","Norfolk Southern Corp","Common stocks","Large cap","Industrials","$55,836,597,891","2.04%","18.40","0.00","4.15","Analyze"
"MAR","Marriott International Inc","Common stocks","Large cap","Consumer Discretionary","$55,261,485,638","0.57%","36.11","0.00","30.30","Analyze"
"MCK","Mckesson Corp","Common stocks","Large cap","Health Care","$54,465,711,538","0.52%","48.89","0.00","-23.97","Analyze"
"SNPS","Synopsys Inc","Common stocks","Large cap","Information Technology","$54,362,640,584","0.00%","52.78","0.00","9.57","Analyze"
"MNST","Monster Beverage Corp","Common stocks","Large cap","Consumer Staples","$54,214,378,723","0.00%","39.62","0.00","7.83","Analyze"
"EMR","Emerson Electric","Common stocks","Large cap","Industrials","$53,592,668,000","2.25%","18.69","0.00","5.07","Analyze"
"DG","Dollar General Corp","Common stocks","Large cap","Consumer Discretionary","$53,018,527,835","0.92%","22.10","0.00","8.47","Analyze"
"PSX","Phillips 66","Common stocks","Large cap","Energy","$52,693,765,427","3.39%","20.68","0.00","2.42","Analyze"
"PSA","Public Storage","REITs","Large cap","Real Estate","$52,233,100,207","2.61%","27.86","0.00","5.39","Analyze"
"D","Dominion Energy Inc","Common stocks","Large cap","Utilities","$52,146,362,329","4.21%","17.55","0.00","1.79","Analyze"
"GM","General Motors","Common stocks","Large cap","Consumer Discretionary","$51,827,018,790","0.49%","5.86","0.00","0.83","Analyze"
"F","Ford Motor Company","Common stocks","Large cap","Consumer Discretionary","$51,029,374,937","3.82%","4.41","0.00","1.13","Analyze"
"CDNS","Cadence Design Systems Inc","Common stocks","Large cap","Information technology","$50,921,279,080","0.00%","62.40","0.00","16.82","Analyze"
"SRE","Sempra Energy","Common stocks","Large cap","Utilities","$50,450,504,762","2.82%","50.86","0.00","8.73","Analyze"
"ORLY","Oreilly Automotive Inc","Common stocks","Large cap","Consumer Discretionary","$50,100,151,624","0.00%","23.31","0.00","-152.32","Analyze"
"KDP","Keurig Dr Pepper Inc.","Common stocks","Large cap","Consumer Staples","$49,469,658,154","2.20%","20.59","0.00","1.94","Analyze"
"HES","Hess Corp","Common stocks","Large cap","Energy","$49,465,010,285","0.93%","68.32","0.00","7.84","Analyze"
"KHC","Kraft Heinz","Common stocks","Large cap","Consumer Staples","$48,580,730,304","3.97%","39.82","0.00","0.98","Analyze"
"EW","Edwards Lifesciences Corp","Common stocks","Large cap","Health Care","$48,354,153,627","0.00%","31.43","0.00","8.27","Analyze"
"FDX","FedEx Corporation","Common stocks","Large cap","Industrials","$47,990,792,200","2.19%","9.35","0.00","1.96","Analyze"
"AEP","American Electric Power Inc","Common stocks","Large cap","Utilities","$47,784,183,417","3.37%","18.55","0.00","884.48","Analyze"
"AIG","American International Group Inc","Common stocks","Large cap","Financials","$47,535,861,040","1.98%","4.88","0.00","0.85","Analyze"
"JCI","Johnson Controls International Plc","Common stocks","Large cap","Industrials","$47,294,087,369","2.02%","38.29","0.00","2.86","Analyze"
"ROP","Roper Technologies Inc","Common stocks","Large cap","Information Technology","$47,134,835,400","0.57%","16.34","0.00","3.48","Analyze"
"APH","Amphenol Corp","Common stocks","Large cap","Information Technology","$46,649,460,991","1.03%","27.65","0.00","7.26","Analyze"
"NXPI","NXP Semiconductors Nv","Common stocks","Large cap","Information Technology","$46,649,457,857","1.86%","29.56","0.00","6.89","Analyze"
"ADM","Archer-Daniels-Midland Company","Common stocks","Large cap","Consumer Staples","$46,638,475,872","1.87%","15.17","0.00","1.97","Analyze"
"A","Agilent Technologies Inc","Common stocks","Large cap","Health Care","$46,255,334,809","0.55%","38.39","0.00","8.97","Analyze"
"AFL","Aflac Inc","Common stocks","Large cap","Financials","$45,365,693,338","2.17%","11.16","0.00","1.54","Analyze"
"AZO","Autozone Inc","Common stocks","Large cap","Consumer Discretionary","$45,324,162,196","0.00%","18.82","0.00","-14.45","Analyze"
"GIS","General Mills Inc","Common stocks","Large cap","Consumer Staples","$45,282,103,066","2.75%","19.68","0.00","4.49","Analyze"
"HSY","Hershey Foods","Common stocks","Large cap","Consumer Staples","$45,119,650,800","1.75%","27.93","0.00","15.48","Analyze"
"CTVA","Corteva, Inc.","Common stocks","Large cap","Materials","$45,105,879,960","0.91%","26.18","0.00","1.76","Analyze"
"TRV","Travelers Companies Inc","Common stocks","Large cap","Financials","$45,020,503,028","1.90%","11.47","0.00","1.76","Analyze"
"ADSK","Autodesk Inc","Common stocks","Large cap","Information Technology","$44,978,891,799","0.00%","87.08","0.00","50.97","Analyze"
"CTAS","Cintas Corp","Common stocks","Large cap","Industrials","$44,823,777,082","0.95%","37.79","0.00","13.85","Analyze"
"LVS","Las Vegas Sands Corp","Common stocks","Large cap","Consumer Discretionary","$44,604,384,596","0.00%","24.15","0.00","9.85","Analyze"
"CMG","Chipotle Mexican Grill Inc","Common stocks","Large cap","Consumer Discretionary","$44,528,144,994","0.00%","65.08","0.00","20.87","Analyze"
"FIS","Fidelity National Information Services","Common stocks","Large cap","Information Technology","$44,438,187,460","2.49%","48.83","0.00","0.95","Analyze"
"COF","Capital One Financial Corp","Common stocks","Large cap","Financials","$44,303,753,252","2.04%","4.01","0.00","0.79","Analyze"
"KMB","Kimberly Clark Corp","Common stocks","Large cap","Consumer Staples","$43,965,095,085","3.52%","25.08","0.00","62.36","Analyze"
"NUE","Nucor Corp","Common stocks","Large cap","Materials","$43,566,252,832","1.18%","5.46","0.00","2.87","Analyze"
"CNC","Centene Corp","Common stocks","Large cap","Health Care","$43,381,155,081","0.00%","8.70","0.00","1.60","Analyze"
"ECL","Ecolab Inc","Common stocks","Large cap","Materials","$43,251,140,911","1.35%","39.03","0.00","6.11","Analyze"
"MCHP","Microchip Technology Inc","Common stocks","Large cap","Information Technology","$43,043,681,645","1.47%","32.40","0.00","7.07","Analyze"
"MSI","Motorola Solutions Inc","Common stocks","Large cap","Information Technology","$43,013,025,515","1.26%","33.92","0.00","-136.12","Analyze"
"NEM","Newmont Corporation","Common stocks","Large cap","Materials","$42,965,077,509","3.99%","40.73","0.00","2.00","Analyze"
"DVN","Devon Energy Corp","Common stocks","Large cap","Energy","$42,961,164,000","3.89%","11.98","0.00","4.62","Analyze"
"O","Realty Income Corporation","REITs","Large cap","Real Estate","$42,627,647,932","4.28%","92.09","0.00","1.67","Analyze"
"IQV","IQVIA Holdings, Inc.","Common stocks","Large cap","Health Care","$42,445,310,056","0.00%","39.34","0.00","7.17","Analyze"
"STZ","Constellation Brands Class A","Common stocks","Large cap","Consumer Staples","$42,157,843,042","1.38%","97.61","0.00","3.59","Analyze"
"BIIB","Biogen Inc","Common stocks","Large cap","Health Care","$42,036,889,856","0.00%","28.61","0.00","3.69","Analyze"
"KMI","Kinder Morgan Inc","Common stocks","Large cap","Energy","$41,830,479,941","5.79%","40.14","0.00","1.37","Analyze"
"AJG","Arthur J Gallagher","Common stocks","Large cap","Financials","$41,588,190,000","1.03%","43.17","0.00","4.63","Analyze"
"FTNT","Fortinet Inc","Common stocks","Large cap","Information Technology","$41,569,568,145","0.00%","59.84","0.00","175.37","Analyze"
"ROST","Ross Stores Inc","Common stocks","Large cap","Consumer Discretionary","$41,569,024,496","1.02%","35.66","0.00","9.98","Analyze"
"PAYX","Paychex Inc","Common stocks","Large cap","Information Technology","$41,489,699,675","2.61%","31.45","0.00","13.01","Analyze"
"EXC","Exelon Corp","Common stocks","Large cap","Utilities","$41,339,668,448","3.21%","16.63","0.00","1.84","Analyze"
"SPG","Simon Property Group, Inc","REITs","Large cap","Real Estate","$41,303,061,777","5.34%","18.55","0.00","12.69","Analyze"
"MSCI","MSCI Inc","Common stocks","Large cap","Financials","$41,195,246,705","0.89%","54.38","0.00","-46.86","Analyze"
"DXCM","Dexcom Inc","Common stocks","Large cap","Health Care","$41,194,429,031","0.00%","197.91","0.00","19.14","Analyze"
"BK","Bank Of New York Mellon Corp","Common stocks","Large cap","Financials","$40,907,048,219","3.48%","12.06","0.00","0.98","Analyze"
"DOW","Dow Inc.","Common stocks","Large cap","Materials","$40,902,488,714","4.72%","5.93","0.00","2.17","Analyze"
"TT","Trane Technologies plc","Common stocks","Large cap","Industrials","$40,425,839,667","1.52%","27.91","0.00","6.74","Analyze"
"PH","Parker-Hannifin Corp","Common stocks","Large cap","Industrials","$40,372,045,884","1.58%","23.85","0.00","4.51","Analyze"
"IDXX","Idexx Laboratories Inc","Common stocks","Large cap","Health Care","$40,331,858,059","0.00%","54.87","0.00","63.00","Analyze"
"SYY","Sysco Corp","Common stocks","Large cap","Consumer Staples","$39,700,167,987","2.45%","39.71","0.00","30.04","Analyze"
"TEL","TE Connectivity Ltd","Common stocks","Large cap","Information Technology","$39,360,677,091","1.74%","15.74","0.00","3.77","Analyze"
"RSG","Republic Services Inc","Common stocks","Large cap","Industrials","$39,143,035,942","1.53%","29.07","0.00","4.36","Analyze"
"PCAR","Paccar Inc","Common stocks","Large cap","Industrials","$39,029,954,942","1.20%","19.38","0.00","3.18","Analyze"
"HLT","Hilton Worldwide Holdings Inc","Common stocks","Large cap","Consumer Discretionary","$38,961,893,809","0.31%","53.37","0.00","-55.82","Analyze"
"TDG","Transdigm Group Inc","Common stocks","Large cap","Industrials","$38,613,575,603","0.00%","43.48","0.00","-13.32","Analyze"
"WMB","Williams Inc","Common stocks","Large cap","Energy","$38,292,420,794","5.31%","26.08","0.00","3.38","Analyze"
"PRU","Prudential Financial Inc","Common stocks","Large cap","Financials","$38,252,760,000","4.59%","7.93","0.00","0.87","Analyze"
"ANET","Arista Networks Inc","Common stocks","Large cap","Information Technology","$37,887,948,658","0.00%","40.62","0.00","9.12","Analyze"
"XEL","Xcel Energy Inc","Common stocks","Large cap","Utilities","$37,650,696,525","2.81%","23.31","0.00","2.39","Analyze"
"LHX","L3Harris Technologies, Inc.","Common stocks","Large cap","Industrials","$37,421,765,329","2.26%","20.20","0.00","1.94","Analyze"
"HAL","Halliburton","Common stocks","Large cap","Energy","$37,229,917,857","1.17%","24.02","0.00","5.31","Analyze"
"AMP","Ameriprise Finance Inc","Common stocks","Large cap","Financials","$36,965,078,245","1.40%","11.99","0.00","7.38","Analyze"
"DD","DuPont de Nemours, Inc.","Common stocks","Large cap","Materials","$36,628,249,136","1.78%","23.46","0.00","1.40","Analyze"
"CARR","Carrier Global Corporation","Common stocks","Large cap","Industrials","$36,502,815,130","1.45%","13.73","0.00","5.14","Analyze"
"WBD","Warner Bros. Discovery, Inc. - Series A","Common stocks","Large cap","Communication Services","$36,425,940,225","0.00%","29.30","0.00","3.04","Analyze"
"YUM","Yum Brands Inc","Common stocks","Large cap","Consumer Discretionary","$36,349,002,229","1.75%","22.06","0.00","-4.28","Analyze"
"EA","Electronic Arts Inc","Common stocks","Large cap","Communication Services","$35,653,001,419","0.57%","43.90","0.00","4.54","Analyze"
"ODFL","Old Dominion Freight Line Inc","Common stocks","Large cap","Industrials","$35,271,257,824","0.38%","31.24","0.00","10.12","Analyze"
"WELL","Welltower Inc","REITs","Large cap","Real Estate","$35,051,640,864","2.45%","107.35","0.00","1.96","Analyze"
"CMI","Cummins Inc","Common stocks","Large cap","Industrials","$34,942,545,634","2.41%","17.96","0.00","4.14","Analyze"
"ALL","Allstate Corp","Common stocks","Large cap","Financials","$34,105,951,216","2.62%","9.68","0.00","1.47","Analyze"
"RMD","Resmed Inc","Common stocks","Large cap","Health Care","$34,009,109,021","0.74%","43.63","0.00","10.37","Analyze"
"MTD","Mettler Toledo Inc","Common stocks","Large cap","Health Care","$33,969,878,721","0.00%","42.82","0.00","401.68","Analyze"
"ABC","AmerisourceBergen Corp","Common stocks","Large cap","Health Care","$33,916,813,443","1.12%","19.64","0.00","61.63","Analyze"
"OTIS","Otis Worldwide Corporation","Common stocks","Large cap","Industrials","$33,776,799,123","1.36%","27.04","0.00","-6.72","Analyze"
"DLTR","Dollar Tree Inc","Common stocks","Large cap","Consumer Discretionary","$33,691,316,384","0.00%","23.22","0.00","4.27","Analyze"
"ED","Consolidated Edison Inc","Common stocks","Large cap","Utilities","$33,669,387,018","3.29%","22.02","0.00","1.65","Analyze"
"ILMN","Illumina Inc","Common stocks","Large cap","Health Care","$33,470,294,000","0.00%","48.35","0.00","3.11","Analyze"
"DHI","D R Horton Inc","Common stocks","Large cap","Consumer Discretionary","$33,355,686,362","0.95%","6.63","0.00","1.99","Analyze"
"CTSH","Cognizant Technology Solutions","Common stocks","Large cap","Information Technology","$33,230,159,793","1.66%","15.00","0.00","2.75","Analyze"
"STT","State Street Corp","Common stocks","Large cap","Financials","$33,109,009,464","3.32%","12.42","0.00","1.26","Analyze"
"AME","Ametek Inc","Common stocks","Large cap","Industrials","$32,966,888,689","0.61%","31.60","0.00","4.76","Analyze"
"ALB","Albemarle Corp","Common stocks","Large cap","Materials","$32,738,348,283","0.56%","116.35","0.00","5.62","Analyze"
"VICI","VICI Properties Inc","REITs","Large cap","Real Estate","$32,726,064,875","4.34%","33.24","0.00","2.12","Analyze"
"ROK","Rockwell Automation Inc","Common stocks","Large cap","Industrials","$32,371,121,124","1.59%","50.20","0.00","12.30","Analyze"
"KEYS","Keysight Technologies Inc","Common stocks","Large cap","Information Technology","$32,112,637,566","0.00%","31.39","0.00","8.50","Analyze"
"BF.B","Brown Forman Inc Class B","Common stocks","Large cap","Consumer Staples","$32,100,200,778","1.14%","25.79","0.00","8.26","Analyze"
"CSGP","Costar Group Inc","Common stocks","Large cap","Industrials","$32,010,574,623","0.00%","107.14","0.00","5.69","Analyze"
"ON","ON Semiconductor Corp","Common stocks","Large cap","Information Technology","$31,860,968,859","0.00%","20.90","0.00","6.06","Analyze"
"BKR","Baker Hughes Company Class A","Common stocks","Large cap","Energy","$31,846,668,058","2.27%","103.52","0.00","2.02","Analyze"
"KR","Kroger","Common stocks","Large cap","Consumer Staples","$31,825,440,563","2.10%","29.22","0.00","3.37","Analyze"
"PCG","Pacific Gas & Electric Co.","Common stocks","Large cap","Utilities","$31,541,500,000","0.00%","124.67","0.00","1.47","Analyze"
"WBA","Walgreen Boots Alliance Inc","Common stocks","Large cap","Consumer Staples","$31,481,379,721","5.16%","5.01","0.00","1.18","Analyze"
"DLR","Digital Realty Trust, Inc","REITs","Large cap","Real Estate","$31,429,059,880","4.39%","22.90","0.00","1.78","Analyze"
"SBAC","SBA Communications Corporation","REITs","Large cap","Real Estate","$31,426,608,801","0.97%","70.85","0.00","-5.72","Analyze"
"DFS","Discover Financial Services","Common stocks","Large cap","Financials","$31,336,262,988","1.99%","6.25","0.00","2.33","Analyze"
"LYB","Lyondellbasell Industries NV","Common stocks","Large cap","Materials","$30,888,733,714","4.87%","5.27","0.00","2.43","Analyze"
"GLW","Corning Inc","Common stocks","Large cap","Information Technology","$30,812,908,428","2.93%","28.40","0.00","2.49","Analyze"
"OKE","Oneok Inc","Common stocks","Large cap","Energy","$30,654,329,254","5.26%","20.67","0.00","5.19","Analyze"
"PEG","Public Service Enterprise Group Inc","Common stocks","Large cap","Utilities","$30,450,902,876","3.49%","-23.46","0.00","2.24","Analyze"
"GPN","Global Payments Inc","Common stocks","Large cap","Information Technology","$30,425,536,948","0.89%","30.02","0.00","1.21","Analyze"
"PPG","PPG Industries Inc","Common stocks","Large cap","Materials","$30,012,998,214","1.88%","27.82","0.00","4.83","Analyze"
"URI","United Rentals Inc","Common stocks","Large cap","Industrials","$29,905,223,382","0.00%","19.29","0.00","4.92","Analyze"
"NDAQ","Nasdaq Inc","Common stocks","Large cap","Financials","$29,530,812,308","1.29%","25.96","0.00","5.06","Analyze"
"WEC","WEC Energy Group Inc","Common stocks","Large cap","Utilities","$29,262,861,441","3.08%","21.60","0.00","2.60","Analyze"
"APTV","Aptiv Plc","Common stocks","Large cap","Consumer Discretionary","$28,937,415,037","0.00%","90.15","0.00","3.45","Analyze"
"GWW","W.W. Grainger Inc","Common stocks","Large cap","Industrials","$28,545,496,547","1.19%","24.38","0.00","13.72","Analyze"
"LEN","Lennar Corporation Class A","Common stocks","Large cap","Consumer Discretionary","$28,526,263,822","1.49%","6.48","0.00","1.23","Analyze"
"HPQ","HP Inc","Common stocks","Large cap","Information Technology","$28,492,049,542","3.45%","4.37","0.00","-12.24","Analyze"
"FAST","Fastenal","Common stocks","Large cap","Industrials","$28,414,617,647","2.48%","28.42","0.00","8.90","Analyze"
"AWK","American Water Works Inc","Common stocks","Large cap","Utilities","$28,401,513,919","1.63%","22.05","0.00","3.81","Analyze"
"VRSK","Verisk Analytics Inc","Common stocks","Large cap","Industrials","$28,304,655,071","0.68%","28.21","0.00","10.65","Analyze"
"ENPH","Enphase Energy Inc","Common stocks","Large cap","Information Technology","$28,274,821,447","0.00%","201.81","0.00","100.95","Analyze"
"IFF","International Flavors & Fragrances","Common stocks","Large cap","Materials","$28,203,924,427","2.86%","50.73","0.00","1.35","Analyze"
"CEG","Constellation Energy Corporation","Common stocks","Large cap","Utilities","$28,084,296,823","0.65%","-44.49","0.00","2.51","Analyze"
"ES","Eversource Energy","Common stocks","Large cap","Utilities","$27,976,051,653","3.14%","21.56","0.00","1.89","Analyze"
"WTW","Willis Towers Watson Public Limited Company","Common stocks","Large cap","Financials","$27,438,236,924","1.29%","6.34","0.00","2.49","Analyze"
"MTB","M&T Bank Corp","Common stocks","Large cap","Financials","$26,756,794,298","3.07%","15.85","0.00","1.50","Analyze"
"EBAY","Ebay Inc","Common stocks","Large cap","Consumer Discretionary","$26,677,120,717","1.78%","2.16","0.00","3.56","Analyze"
"EFX","Equifax Inc","Common stocks","Large cap","Industrials","$26,592,263,910","0.72%","34.79","0.00","6.94","Analyze"
"CBRE","CBRE Group Inc","Common stocks","Large cap","Real Estate","$26,571,272,046","0.00%","13.54","0.00","3.14","Analyze"
"FANG","Diamondback Energy Inc","Common stocks","Large cap","Energy","$26,380,426,707","1.84%","9.33","0.00","2.01","Analyze"
"ZBH","Zimmer Biomet Holdings Inc","Common stocks","Large cap","Health Care","$26,336,475,196","0.76%","65.58","0.00","2.19","Analyze"
"CDW","CDW Corp","Common stocks","Large cap","Information Technology","$26,306,467,803","1.07%","26.22","0.00","29.54","Analyze"
"EIX","Edison International","Common stocks","Large cap","Utilities","$26,108,771,461","4.08%","44.71","0.00","1.66","Analyze"
"IT","Gartner Inc","Common stocks","Large cap","Information Technology","$25,992,699,070","0.00%","32.41","0.00","219.99","Analyze"
"ARE","Alexandria Real Estate Equities, Inc","REITs","Large cap","Real Estate","$25,794,519,787","2.97%","64.01","0.00","1.52","Analyze"
"ULTA","Ulta Beauty Inc","Common stocks","Large cap","Consumer Discretionary","$25,787,392,358","0.00%","26.16","0.00","16.80","Analyze"
"TROW","T Rowe Price Group Inc","Common stocks","Large cap","Financials","$25,604,598,159","4.12%","9.11","0.00","2.88","Analyze"
"WY","Weyerhaeuser Company","REITs","Large cap","Real Estate","$25,256,671,440","2.08%","9.18","0.00","2.42","Analyze"
"DAL","Delta Air Lines Inc","Common stocks","Large cap","Industrials","$25,147,407,558","0.00%","48.74","0.00","8.41","Analyze"
"TSCO","Tractor Supply","Common stocks","Large cap","Consumer Discretionary","$25,044,226,906","1.61%","24.97","0.00","13.99","Analyze"
"FRC","First Republic Bank","Common stocks","Large cap","Financials","$24,929,587,962","0.78%","17.47","0.00","1.54","Analyze"
"FITB","Fifth Third Bancorp","Common stocks","Large cap","Financials","$24,723,989,899","3.45%","9.69","0.00","1.18","Analyze"
"HIG","Hartford Financial Services Group","Common stocks","Large cap","Financials","$24,709,924,805","2.02%","9.71","0.00","1.55","Analyze"
"RJF","Raymond James Inc","Common stocks","Large cap","Financials","$24,506,093,224","1.26%","16.28","0.00","2.85","Analyze"
"HRL","Hormel Foods Corp","Common stocks","Large cap","Consumer Staples","$24,457,946,923","2.34%","26.41","0.00","3.44","Analyze"
"AVB","AvalonBay Communities, Inc","REITs","Large cap","Real Estate","$24,265,195,531","3.62%","21.59","0.00","2.21","Analyze"
"ACGL","Arch Capital Group Ltd","Common stocks","Large cap","Financials","$23,949,278,498","0.00%","12.74","0.00","1.83","Analyze"
"VMC","Vulcan Materials","Common stocks","Large cap","Materials","$23,859,440,584","0.89%","39.50","0.00","3.63","Analyze"
"GPC","Genuine Parts","Common stocks","Large cap","Consumer Discretionary","$23,713,695,019","2.11%","25.58","0.00","6.59","Analyze"
"FTV","Fortive Corp","Common stocks","Large cap","Industrials","$23,676,848,291","0.42%","36.73","0.00","2.48","Analyze"
"FE","Firstenergy Corp","Common stocks","Large cap","Utilities","$23,664,864,741","3.71%","19.15","0.00","2.70","Analyze"
"TSN","Tyson Foods Inc Class A","Common stocks","Large cap","Consumer Staples","$23,552,168,700","2.82%","5.81","0.00","1.24","Analyze"
"EQR","Equity Residential","REITs","Large cap","Real Estate","$23,517,894,392","4.96%","17.51","0.00","2.17","Analyze"
"BAX","Baxter International Inc","Common stocks","Large cap","Health Care","$23,270,214,235","2.47%","22.02","0.00","2.56","Analyze"
"ANSS","Ansys Inc","Common stocks","Large cap","Information Technology","$23,222,379,606","0.00%","48.84","0.00","5.07","Analyze"
"VRSN","Verisign Inc","Common stocks","Large cap","Information Technology","$23,099,925,598","0.00%","29.17","0.00","-17.98","Analyze"
"K","Kellogg","Common stocks","Large cap","Consumer Staples","$22,964,227,200","3.43%","14.89","0.00","6.05","Analyze"
"AEE","Ameren Corp","Common stocks","Large cap","Utilities","$22,607,763,679","2.68%","22.41","0.00","2.31","Analyze"
"PFG","Principal Financial Group Inc","Common stocks","Large cap","Financials","$22,574,434,205","2.74%","13.99","0.00","1.85","Analyze"
"LH","Laboratory Corporation Of America","Common stocks","Large cap","Health Care","$22,523,006,000","0.85%","10.73","0.00","2.10","Analyze"
"IR","Ingersoll Rand Plc","Common stocks","Large cap","Industrials","$22,485,526,509","0.14%","18.47","0.00","2.50","Analyze"
"ETR","Entergy Corp","Common stocks","Large cap","Utilities","$22,071,872,600","3.69%","20.82","0.00","1.87","Analyze"
"DTE","DTE Energy","Common stocks","Large cap","Utilities","$21,960,654,680","3.15%","24.32","0.00","2.48","Analyze"
"PPL","PPL Corporation","Common stocks","Large cap","Utilities","$21,853,926,669","2.91%","34.52","0.00","1.58","Analyze"
"RF","Regions Financial Corp","Common stocks","Large cap","Financials","$21,679,138,059","3.15%","9.38","0.00","1.28","Analyze"
"MLM","Martin Marietta Materials Inc","Common stocks","Large cap","Materials","$21,669,652,206","0.73%","32.91","0.00","3.37","Analyze"
"HBAN","Huntington Bancshares Inc","Common stocks","Large cap","Financials","$21,525,595,085","4.09%","19.41","0.00","1.14","Analyze"
"PWR","Quanta Services Inc","Common stocks","Large cap","Industrials","$21,443,747,469","0.19%","44.60","0.00","4.17","Analyze"
"STLD","Steel Dynamics Inc","Common stocks","Large cap","Materials","$21,321,391,909","1.11%","4.99","0.00","2.78","Analyze"
"CFG","Citizens Financial Group Inc","Common stocks","Large cap","Financials","$21,236,210,454","3.70%","10.54","0.00","0.96","Analyze"
"LUV","Southwest Airlines","Common stocks","Large cap","Industrials","$21,196,946,543","0.50%","36.30","0.00","2.03","Analyze"
"EXR","Extra Space Storage Inc","REITs","Large cap","Real Estate","$20,925,238,750","3.79%","25.27","0.00","6.52","Analyze"
"HPE","Hewlett Packard Enterprise","Common stocks","Large cap","Information Technology","$20,791,069,323","2.92%","5.59","0.00","1.02","Analyze"
"ALGN","Align Technology Inc","Common stocks","Large cap","Health Care","$20,539,642,695","0.00%","26.53","0.00","5.11","Analyze"
"STE","STERIS PLC","Common stocks","Large cap","Health Care","$20,455,719,529","0.88%","83.87","0.00","3.13","Analyze"
"HOLX","Hologic Inc","Common stocks","Large cap","Health Care","$20,446,476,586","0.00%","12.96","0.00","4.20","Analyze"
"CAH","Cardinal Health Inc","Common stocks","Large cap","Health Care","$20,415,000,048","2.51%","-21.38","0.00","-29.29","Analyze"
"MPWR","Monolithic Power Systems Inc","Common stocks","Large cap","Information Technology","$20,314,619,920","0.86%","71.24","0.00","14.84","Analyze"
"VTR","Ventas, Inc","REITs","Large cap","Real Estate","$20,285,687,739","3.49%","139.95","0.00","1.90","Analyze"
"NTRS","Northern Trust Corporation","Common stocks","Large cap","Financials","$20,203,815,341","2.96%","13.09","0.00","1.73","Analyze"
"DOV","Dover Corp","Common stocks","Large cap","Industrials","$20,140,791,825","1.39%","18.03","0.00","4.65","Analyze"
"TDY","Teledyne Technologies Inc","Common stocks","Large cap","Information Technology","$19,996,145,696","0.00%","34.89","0.00","2.55","Analyze"
"WST","West Pharmaceutical Services Inc","Common stocks","Large cap","Health Care","$19,995,569,459","0.27%","29.22","0.00","8.60","Analyze"
"CTRA","Coterra Energy Inc.","Common stocks","Large cap","Energy","$19,916,685,286","2.31%","12.14","0.00","1.70","Analyze"
"CHD","Church And Dwight Inc","Common stocks","Large cap","Consumer Staples","$19,824,057,928","1.29%","24.44","0.00","5.83","Analyze"
"WAT","Waters Corp","Common stocks","Large cap","Health Care","$19,814,802,566","0.00%","28.12","0.00","52.85","Analyze"
"EPAM","Epam Systems Inc","Common stocks","Large cap","Information Technology","$19,794,417,165","0.00%","42.81","0.00","7.76","Analyze"
"MKC","McCormick & Co  Non-voting","Common stocks","Large cap","Consumer Staples","$19,698,086,289","2.03%","24.60","0.00","4.00","Analyze"
"INVH","Invitation Homes Inc","REITs","Large cap","Real Estate","$19,638,486,277","2.71%","66.30","0.00","1.93","Analyze"
"JBHT","JB Hunt Transport Services Inc","Common stocks","Large cap","Industrials","$19,539,582,469","0.84%","23.17","0.00","6.11","Analyze"
"PAYC","Paycom Software Inc","Common stocks","Large cap","Information Technology","$19,294,147,819","0.00%","86.41","0.00","19.12","Analyze"
"INCY","Incyte Corp","Common stocks","Large cap","Health Care","$19,135,115,003","0.00%","19.94","0.00","4.82","Analyze"
"WRB","WR Berkley Corp","Common stocks","Large cap","Financials","$18,933,756,950","0.54%","13.68","0.00","2.76","Analyze"
"WAB","Westinghouse Air Brake Technologies","Common stocks","Large cap","Industrials","$18,919,713,892","0.57%","31.85","0.00","1.88","Analyze"
"CNP","Centerpoint Energy Inc","Common stocks","Large cap","Utilities","$18,886,068,930","2.31%","11.99","0.00","1.90","Analyze"
"GRMN","Garmin Ltd","Common stocks","Large cap","Consumer Discretionary","$18,842,481,253","0.67%","17.55","0.00","3.02","Analyze"
"TTWO","Take Two Interactive Software Inc","Common stocks","Large cap","Communication Services","$18,777,282,008","0.00%","44.44","0.00","4.88","Analyze"
"MAA","Mid-America Apartment Communities, Inc","REITs","Large cap","Real Estate","$18,770,789,276","3.03%","31.63","0.00","3.17","Analyze"
"FSLR","First Solar Inc","Common stocks","Large cap","Information Technology","$18,701,822,162","0.00%","89.03","0.00","3.27","Analyze"
"BBY","Best Buy Inc","Common stocks","Large cap","Consumer Discretionary","$18,575,150,913","4.12%","10.80","0.00","6.15","Analyze"
"AES","AES Corp","Common stocks","Large cap","Utilities","$18,448,772,868","2.27%","-126.36","0.00","6.06","Analyze"
"LYV","Live Nation Entertainment Inc","Common stocks","Large cap","Communication Services","$18,341,097,588","0.00%","-40.90","0.00","-35.42","Analyze"
"XYL","Xylem Inc","Common stocks","Large cap","Industrials","$18,261,847,838","1.18%","43.27","0.00","5.71","Analyze"
"MRO","Marathon Oil Corp","Common stocks","Large cap","Energy","$18,209,406,626","1.11%","8.46","0.00","1.60","Analyze"
"DRI","Darden Restaurants Inc","Common stocks","Large cap","Consumer Discretionary","$18,170,600,693","3.13%","17.48","0.00","7.95","Analyze"
"CMS","CMS Energy Corp","Common stocks","Large cap","Utilities","$18,123,310,029","2.91%","18.14","0.00","1.85","Analyze"
"SWKS","Skyworks Solutions Inc","Common stocks","Large cap","Information Technology","$17,941,242,389","2.09%","12.79","0.00","3.38","Analyze"
"BALL","Ball Corporation","Common stocks","Large cap","Materials","$17,902,866,155","1.40%","15.93","0.00","4.59","Analyze"
"FOX","Fox Corporation Class B","Common stocks","Large cap","Communication Services","$17,891,783,568","1.54%","6.32","0.00","0.65","Analyze"
"FOXA","Fox Corporation Class A","Common stocks","Large cap","Communication Services","$17,891,783,568","1.44%","8.49","0.00","0.87","Analyze"
"ROL","Rollins Inc","Common stocks","Large cap","Industrials","$17,797,953,837","1.18%","53.85","0.00","16.07","Analyze"
"BR","Broadridge Financial Solutions Inc","Common stocks","Large cap","Information Technology","$17,758,894,454","1.80%","32.21","0.00","9.75","Analyze"
"IEX","IDEX Corp","Common stocks","Large cap","Industrials","$17,659,852,672","1.02%","37.04","0.00","6.09","Analyze"
"AMCR","Amcor plc","Common stocks","Large cap","Materials","$17,615,101,347","4.02%","18.50","0.00","3.90","Analyze"
"EXPE","Expedia Inc","Common stocks","Large cap","Consumer Discretionary","$17,575,735,404","0.00%","74.30","0.00","7.69","Analyze"
"OMC","Omnicom Group Inc","Common stocks","Large cap","Communication Services","$17,542,904,492","3.21%","14.13","0.00","5.85","Analyze"
"CLX","Clorox","Common stocks","Large cap","Consumer Staples","$17,505,834,998","3.27%","38.22","0.00","43.76","Analyze"
"KEY","Keycorp","Common stocks","Large cap","Financials","$17,474,520,477","4.15%","7.45","0.00","1.14","Analyze"
"SIVB","SVB Financial Group","Common stocks","Large cap","Financials","$17,472,361,137","0.00%","9.97","0.00","1.07","Analyze"
"MOH","Molina Healthcare Inc","Common stocks","Large cap","Health Care","$17,423,640,000","0.00%","25.29","0.00","6.24","Analyze"
"CAG","Conagra Brands Inc","Common stocks","Large cap","Consumer Staples","$17,401,487,512","3.44%","16.90","0.00","2.00","Analyze"
"COO","Cooper Companies, Inc.","Common stocks","Large cap","Health Care","$17,230,108,998","0.02%","18.35","0.00","2.49","Analyze"
"EXPD","Expeditors International Of Washington","Common stocks","Large cap","Industrials","$17,220,148,113","1.23%","11.76","0.00","4.51","Analyze"
"TRGP","Targa Resources Corp","Common stocks","Large cap","Energy","$17,215,848,181","1.83%","-135.03","0.00","10.14","Analyze"
"PKI","Perkinelmer Inc","Common stocks","Large cap","Health Care","$17,035,183,482","0.21%","23.34","0.00","2.37","Analyze"
"SEDG","SolarEdge Technologies Inc","Common stocks","Large cap","Information Technology","$16,957,387,178","0.00%","100.08","0.00","8.57","Analyze"
"ETSY","Etsy Inc","Common stocks","Large cap","Consumer Discretionary","$16,910,106,035","0.00%","38.84","0.00","25.01","Analyze"
"HWM","Howmet Aerospace Inc.","Common stocks","Large cap","Industrials","$16,887,725,350","0.24%","55.01","0.00","4.89","Analyze"
"MOS","Mosaic","Common stocks","Large cap","Materials","$16,744,857,252","1.14%","6.30","0.00","1.44","Analyze"
"DGX","Quest Diagnostics Inc","Common stocks","Large cap","Health Care","$16,738,040,878","1.79%","8.93","0.00","2.62","Analyze"
"CF","CF Industries Holdings Inc","Common stocks","Large cap","Materials","$16,695,723,301","1.75%","10.12","0.00","4.17","Analyze"
"CINF","Cincinnati Financial Corp","Common stocks","Large cap","Financials","$16,628,527,943","2.58%","8.33","0.00","1.41","Analyze"
"BRO","Brown & Brown Inc","Common stocks","Large cap","Financials","$16,528,857,338","0.72%","27.20","0.00","3.81","Analyze"
"FMC","FMC Corp","Common stocks","Large cap","Materials","$16,488,939,321","1.65%","21.66","0.00","5.39","Analyze"
"SYF","Synchrony Financial","Common stocks","Large cap","Financials","$16,467,289,193","2.44%","4.03","0.00","1.20","Analyze"
"NVR","NVR, Inc.","Common stocks","Large cap","Consumer Discretionary","$16,338,077,439","0.00%","11.55","0.00","5.99","Analyze"
"RCL","Royal Caribbean Cruises Ltd","Common stocks","Large cap","Consumer Discretionary","$16,313,786,219","0.00%","-3.08","0.00","4.09","Analyze"
"ATO","Atmos Energy Corp","Common stocks","Large cap","Utilities","$16,284,524,678","2.40%","22.45","0.00","1.81","Analyze"
"UAL","United Continental Holdings Inc","Common stocks","Large cap","Industrials","$16,157,525,316","0.00%","-8.14","0.00","4.46","Analyze"
"TER","Teradyne Inc","Common stocks","Large cap","Information Technology","$16,147,239,656","0.42%","16.49","0.00","6.51","Analyze"
"FDS","Factset Research Systems Inc","Common stocks","Large cap","Financials","$16,084,511,156","0.83%","38.36","0.00","13.23","Analyze"
"ZBRA","Zebra Technologies Corp","Common stocks","Large cap","Information Technology","$16,070,807,223","0.00%","19.74","0.00","5.53","Analyze"
"PTC","PTC Inc","Common stocks","Large cap","Information Technology","$16,041,785,144","0.00%","32.90","0.00","7.58","Analyze"
"SJM","J.M. Smucker","Common stocks","Large cap","Consumer Staples","$15,992,126,338","2.63%","27.74","0.00","1.93","Analyze"
"CPRT","Copart Inc","Common stocks","Large cap","Industrials","$15,891,118,232","0.00%","13.82","0.00","3.44","Analyze"
"MGM","MGM Resorts International","Common stocks","Large cap","Consumer Discretionary","$15,710,270,309","0.02%","10.26","0.00","3.10","Analyze"
"IRM","Iron Mountain Incorporated","REITs","Large cap","Real Estate","$15,590,993,804","4.53%","34.89","0.00","20.58","Analyze"
"J","Jacobs Engineering Group Inc.","Common stocks","Large cap","Industrials","$15,537,733,950","0.68%","41.49","0.00","2.56","Analyze"
"LKQ","LKQ Corp","Common stocks","Large cap","Consumer Discretionary","$15,386,607,386","1.77%","13.97","0.00","2.65","Analyze"
"AVY","Avery Dennison Corp","Common stocks","Large cap","Materials","$15,233,510,294","1.55%","20.90","0.00","7.88","Analyze"
"CPB","Campbell Soup","Common stocks","Large cap","Consumer Staples","$15,174,021,468","2.89%","16.48","0.00","4.53","Analyze"
"BEN","Franklin Resources Inc","Common stocks","Large cap","Financials","$15,152,816,395","3.79%","8.03","0.00","1.31","Analyze"
"TXT","Textron Inc","Common stocks","Large cap","Industrials","$15,056,598,561","0.11%","20.18","0.00","2.21","Analyze"
"FLT","Fleetcor Technologies Inc","Common stocks","Large cap","Information Technology","$14,913,465,120","0.00%","17.08","0.00","5.13","Analyze"
"GEN","Gen Digital Inc.","Common stocks","Large cap","Information Technology","$14,792,382,898","2.19%","0.00","0.00","0.00","Analyze"
"PARA","Paramount Global - Class B","Common stocks","Large cap","Communication Services","$14,696,570,574","4.21%","3.12","0.00","0.56","Analyze"
"PEAK","Healthpeak Properties, Inc.","REITs","Large cap","Real Estate","$14,669,470,530","4.32%","34.23","0.00","2.29","Analyze"
"APA","Apache Corp","Common stocks","Large cap","Energy","$14,583,775,293","1.64%","5.86","0.00","15.64","Analyze"
"L","Loews Corp","Common stocks","Large cap","Financials","$14,518,664,230","0.41%","8.77","0.00","0.88","Analyze"
"MTCH","Match Group Inc","Common stocks","Large cap","Communication Services","$14,462,470,169","0.00%","50.01","0.00","-115.99","Analyze"
"STX","Seagate Technology Plc","Common stocks","Large cap","Information Technology","$14,406,527,600","3.98%","9.72","0.00","30.87","Analyze"
"POOL","Pool Corp","Common stocks","Large cap","Consumer Discretionary","$14,230,435,705","1.04%","19.45","0.00","12.11","Analyze"
"LW","Lamb Weston Holdings Inc","Common stocks","Large cap","Consumer Staples","$14,207,220,763","0.99%","60.61","0.00","36.22","Analyze"
"NTAP","NetApp Inc","Common stocks","Large cap","Information Technology","$14,182,571,157","3.00%","14.24","0.00","16.34","Analyze"
"VTRS","Viatris Inc.","Common stocks","Large cap","Health Care","$14,115,648,721","4.06%","84.17","0.00","0.69","Analyze"
"TRMB","Trimble Inc","Common stocks","Large cap","Information Technology","$14,109,398,572","0.00%","28.56","0.00","3.50","Analyze"
"EVRG","Evergy Inc","Common stocks","Large cap","Utilities","$14,093,534,039","3.74%","17.81","0.00","1.56","Analyze"
"ESS","Essex Property Trust, Inc","REITs","Large cap","Real Estate","$14,089,781,953","3.99%","35.82","0.00","2.37","Analyze"
"RE","Everest Re Group Ltd","Common stocks","Large cap","Financials","$13,983,875,390","1.81%","10.48","0.00","1.47","Analyze"
"IPG","Interpublic Group Of Companies Inc","Common stocks","Large cap","Communication Services","$13,979,119,354","3.18%","13.70","0.00","4.01","Analyze"
"KIM","Kimco Realty Corporation","REITs","Large cap","Real Estate","$13,948,417,024","3.48%","0.00","0.00","0.00","Analyze"
"MKTX","Marketaxess Holdings Inc","Common stocks","Large cap","Financials","$13,901,160,575","0.75%","51.21","0.00","12.12","Analyze"
"WDC","Western Digital Corp","Common stocks","Large cap","Information Technology","$13,900,376,909","0.00%","7.63","0.00","1.16","Analyze"
"BIO","Bio Rad Laboratories Inc Class A","Common stocks","Large cap","Health Care","$13,832,020,641","0.00%","-116.47","0.00","1.16","Analyze"
"AKAM","Akamai Technologies Inc","Common stocks","Large cap","Information Technology","$13,752,410,858","0.00%","22.67","0.00","3.24","Analyze"
"LNT","Alliant Energy Corp","Common stocks","Large cap","Utilities","$13,668,138,644","3.10%","20.06","0.00","2.24","Analyze"
"NDSN","Nordson Corp","Common stocks","Large cap","Industrials","$13,447,285,982","0.98%","27.87","0.00","6.25","Analyze"
"LDOS","Leidos Holdings Inc","Common stocks","Large cap","Industrials","$13,365,504,883","1.46%","35.74","0.00","3.38","Analyze"
"TYL","Tyler Technologies Inc","Common stocks","Large cap","Information Technology","$13,361,410,470","0.00%","81.24","0.00","5.60","Analyze"
"UDR","UDR, Inc","REITs","Large cap","Real Estate","$13,356,979,233","4.58%","85.43","0.00","3.94","Analyze"
"IP","International Paper","Common stocks","Large cap","Materials","$13,241,594,435","4.88%","7.51","0.00","1.49","Analyze"
"JKHY","Jack Henry & Associates, Inc.","Common stocks","Large cap","Information Technology","$13,226,461,697","1.08%","36.22","0.00","9.80","Analyze"
"HST","Host Hotels & Resorts, Inc","REITs","Large cap","Real Estate","$13,113,609,137","1.78%","40.89","0.00","1.99","Analyze"
"CBOE","Cboe Global Markets, Inc.","Common stocks","Large cap","Financials","$13,083,114,643","1.58%","26.13","0.00","3.66","Analyze"
"CE","Celanese Corporation","Common stocks","Large cap","Materials","$13,059,076,871","2.25%","6.31","0.00","2.83","Analyze"
"SNA","Snap On Inc","Common stocks","Large cap","Industrials","$12,909,667,174","2.40%","15.27","0.00","3.00","Analyze"
"PKG","Packaging Corp Of America","Common stocks","Large cap","Materials","$12,827,129,618","3.38%","13.92","0.00","3.39","Analyze"
"CPT","Camden Property Trust","REITs","Large cap","Real Estate","$12,767,384,995","3.10%","36.14","0.00","3.03","Analyze"
"DPZ","Dominos Pizza Inc","Common stocks","Large cap","Consumer Discretionary","$12,532,796,141","1.24%","25.91","0.00","-2.99","Analyze"
"SWK","Stanley Black & Decker Inc","Common stocks","Large cap","Industrials","$12,489,245,574","3.72%","9.23","0.00","1.34","Analyze"
"CRL","Charles River Laboratories International","Common stocks","Large cap","Health Care","$12,429,146,874","0.00%","29.42","0.00","4.76","Analyze"
"EQT","EQT Corporation","Common stocks","Large cap","Energy","$12,149,222,766","1.65%","-4.62","0.00","1.48","Analyze"
"NWS","News Corp Class B","Common stocks","Large cap","Communication Services","$11,983,058,083","0.95%","7.71","0.00","0.46","Analyze"
"NWSA","News Corp Class A","Common stocks","Large cap","Communication Services","$11,983,058,083","0.96%","14.96","0.00","0.89","Analyze"
"PHM","Pultegroup Inc","Common stocks","Large cap","Consumer Discretionary","$11,930,918,946","1.16%","5.71","0.00","1.61","Analyze"
"CCL","Carnival Corp","Common stocks","Large cap","Consumer Discretionary","$11,828,073,337","0.00%","-1.26","0.00","1.15","Analyze"
"GL","Globe Life Inc.","Common stocks","Large cap","Financials","$11,800,824,182","0.68%","16.15","0.00","1.71","Analyze"
"WYNN","Wynn Resorts Ltd","Common stocks","Large cap","Consumer Discretionary","$11,670,166,737","0.00%","-17.71","0.00","-34.58","Analyze"
"VFC","VF Corp","Common stocks","Large cap","Consumer Discretionary","$11,618,125,942","6.58%","8.32","0.00","3.18","Analyze"
"HSIC","Henry Schein Inc","Common stocks","Large cap","Health Care","$11,590,673,138","0.00%","16.94","0.00","3.05","Analyze"
"CHRW","C.H. Robinson Worldwide, Inc.","Common stocks","Large cap","Industrials","$11,474,318,941","2.30%","11.71","0.00","5.26","Analyze"
"QRVO","Qorvo, Inc.","Common stocks","Large cap","Information Technology","$11,409,357,397","0.00%","10.61","0.00","2.41","Analyze"
"MAS","Masco Corp","Common stocks","Large cap","Industrials","$11,407,263,041","2.20%","20.78","0.00","-30.75","Analyze"
"TFX","Teleflex Inc","Common stocks","Large cap","Health Care","$11,304,919,899","0.56%","23.18","0.00","2.98","Analyze"
"REG","Regency Centers Corporation","REITs","Large cap","Real Estate","$11,302,655,656","3.76%","14.27","0.00","1.84","Analyze"
"CZR","Caesars Entertainment Corp","Common stocks","Large cap","Consumer Discretionary","$11,271,157,496","0.00%","-17.41","0.00","2.74","Analyze"
"NI","Nisource Inc","Common stocks","Large cap","Utilities","$11,184,939,779","3.37%","16.92","0.00","1.55","Analyze"
"CDAY","Ceridian HCM Holding Inc.","Common stocks","Large cap","Information Technology","$11,081,090,994","0.00%","-132.55","0.00","5.18","Analyze"
"EMN","Eastman Chemical","Common stocks","Large cap","Materials","$11,009,115,897","3.30%","13.46","0.00","1.87","Analyze"
"BXP","Boston Properties, Inc","REITs","Large cap","Real Estate","$10,979,100,028","5.48%","20.05","0.00","1.88","Analyze"
"AAL","American Airlines Group Inc","Common stocks","Large cap","Industrials","$10,794,853,733","0.00%","-4.65","0.00","-1.24","Analyze"
"UHS","Universal Health Services Inc.","Common stocks","Large cap","Health Care","$10,619,360,774","0.55%","11.36","0.00","1.81","Analyze"
"TPR","Tapestry","Common stocks","Large cap","Consumer Discretionary","$10,616,754,922","2.47%","12.24","0.00","4.19","Analyze"
"BWA","BorgWarner Inc","Common stocks","Large cap","Consumer Discretionary","$10,611,856,108","1.49%","15.79","0.00","1.51","Analyze"
"JNPR","Juniper Networks Inc","Common stocks","Large cap","Information Technology","$10,489,634,503","2.58%","30.90","0.00","2.46","Analyze"
"KMX","Carmax Inc","Common stocks","Large cap","Consumer Discretionary","$10,470,637,044","0.00%","9.09","0.00","2.00","Analyze"
"BBWI","Bath & Body Works, Inc.","Common stocks","Large cap","Consumer Discretionary","$10,315,204,013","1.76%","8.51","0.00","-6.80","Analyze"
"ALLE","Allegion PLC","Common stocks","Mid cap","Industrials","$9,948,426,092","1.44%","21.26","0.00","13.41","Analyze"
"WRK","Westrock","Common stocks","Mid cap","Materials","$9,684,411,993","2.67%","12.17","0.00","0.84","Analyze"
"CMA","Comerica Inc","Common stocks","Mid cap","Financials","$9,432,502,741","3.72%","9.63","0.00","1.34","Analyze"
"CTLT","Catalent Inc","Common stocks","Mid cap","Health Care","$9,406,696,797","0.00%","19.40","0.00","2.03","Analyze"
"AOS","A O Smith Corp","Common stocks","Mid cap","Industrials","$8,990,839,764","1.92%","17.66","0.00","4.97","Analyze"
"FRT","Federal Realty Investment Trust","REITs","Mid cap","Real Estate","$8,953,345,060","3.85%","34.42","0.00","3.40","Analyze"
"FFIV","F5 Networks Inc","Common stocks","Mid cap","Information Technology","$8,885,986,299","0.00%","25.17","0.00","3.68","Analyze"
"AAP","Advance Auto Parts Inc","Common stocks","Mid cap","Consumer Discretionary","$8,874,654,441","4.01%","14.40","0.00","2.84","Analyze"
"HAS","Hasbro Inc","Common stocks","Mid cap","Consumer Discretionary","$8,808,893,189","4.30%","23.59","0.00","2.89","Analyze"
"RHI","Robert Half","Common stocks","Mid cap","Industrials","$8,767,766,694","2.11%","13.36","0.00","6.04","Analyze"
"HII","Huntington Ingalls Industries Inc","Common stocks","Mid cap","Industrials","$8,680,615,221","2.18%","16.20","0.00","3.08","Analyze"
"RL","Ralph Lauren Corp Class A","Common stocks","Mid cap","Consumer Discretionary","$8,418,953,800","2.34%","16.78","0.00","3.09","Analyze"
"IVZ","Invesco Ltd","Common stocks","Mid cap","Financials","$8,399,871,710","3.86%","6.35","0.00","0.55","Analyze"
"WHR","Whirlpool Corp","Common stocks","Mid cap","Consumer Discretionary","$8,395,114,351","4.47%","4.92","0.00","1.79","Analyze"
"PNW","Pinnacle West Corp","Common stocks","Mid cap","Utilities","$8,374,637,826","4.53%","13.96","0.00","1.41","Analyze"
"PNR","Pentair","Common stocks","Mid cap","Industrials","$8,321,971,729","1.67%","15.35","0.00","3.32","Analyze"
"XRAY","Dentsply Sirona Inc","Common stocks","Mid cap","Health Care","$7,951,739,782","1.34%","21.47","0.00","1.61","Analyze"
"ZION","Zions Bancorporation","Common stocks","Mid cap","Financials","$7,810,046,759","2.99%","7.96","0.00","1.24","Analyze"
"NRG","NRG Energy Inc","Common stocks","Mid cap","Utilities","$7,715,567,025","4.13%","1.93","0.00","1.53","Analyze"
"OGN","Organon & Co.","Common stocks","Mid cap","Health Care","$7,712,328,881","3.60%","5.93","0.00","-6.17","Analyze"
"DISH","Dish Network Corp Class A","Common stocks","Mid cap","Communication Services","$7,647,476,299","0.00%","3.47","0.00","0.48","Analyze"
"SEE","Sealed Air Corp","Common stocks","Mid cap","Materials","$7,610,432,232","1.51%","13.94","0.00","39.97","Analyze"
"SBNY","Signature Bank","Common stocks","Mid cap","Financials","$7,606,964,365","1.89%","7.51","0.00","0.95","Analyze"
"MHK","Mohawk Industries Inc","Common stocks","Mid cap","Consumer Discretionary","$7,454,447,975","0.00%","7.16","0.00","0.90","Analyze"
"DVA","Davita Inc","Common stocks","Mid cap","Health Care","$7,172,861,000","0.00%","7.94","0.00","8.50","Analyze"
"GNRC","Generac Holdings Inc","Common stocks","Mid cap","Industrials","$7,157,372,734","0.00%","13.89","0.00","3.10","Analyze"
"AIZ","Assurant Inc","Common stocks","Mid cap","Financials","$6,909,294,285","2.09%","5.10","0.00","1.38","Analyze"
"DXC","DXC Technology Company","Common stocks","Mid cap","Information Technology","$6,570,662,769","0.00%","-10.77","0.00","1.38","Analyze"
"NWL","Newell Brands Inc","Common stocks","Mid cap","Consumer Discretionary","$6,543,152,000","5.69%","9.09","0.00","1.64","Analyze"
"ALK","Alaska Air Group Inc","Common stocks","Mid cap","Industrials","$6,509,317,487","0.00%","13.97","0.00","1.79","Analyze"
"NCLH","Norwegian Cruise Line Holdings Ltd","Common stocks","Mid cap","Consumer Discretionary","$6,405,220,720","0.00%","-1.56","0.00","4.25","Analyze"
"LNC","Lincoln National Corp","Common stocks","Mid cap","Financials","$5,601,031,858","5.34%","4.36","0.00","0.38","Analyze"
"LUMN","CenturyLink, Inc.","Common stocks","Mid cap","Communication Services","$5,317,755,813","14.27%","2.47","0.00","0.43","Analyze"
"TECH","Bio-Techne Corp","Common stocks","Mid cap","Health Care","$3,151,948,283","0.40%","13.97","0.00","1.84","Analyze"
"TAP","Molson Coors Brewing Class B","Common stocks","Small cap","Consumer Staples","$766,957,509","2.85%","0.55","0.00","0.04","Analyze"
"GEHC","GE HealthCare Technologies Inc.","Common stocks","Unknown","Health Care","$0","0.00%","0.00","0.00","0.00","Analyze"